{
  "anuppuccin-theme-settings@@anuppuccin-theme-light": "ctp-latte",
  "anuppuccin-theme-settings@@anp-layout-select": "anp-card-layout",
  "yaozhuwa@css@@code-line-number": false,
  "yaozhuwa@css@@clutter-free-headings": true,
  "yaozhuwa@css@@center-image": true,
  "anuppuccin-theme-settings@@anp-alt-rainbow-style": "anp-simple-rainbow-color-toggle",
  "anuppuccin-theme-settings@@anp-hide-borders": true,
  "anuppuccin-theme-settings@@anp-card-shadows": true,
  "anuppuccin-theme-settings@@anp-card-layout-actions": false,
  "anuppuccin-theme-settings@@anp-card-layout-filebrowser": true,
  "mado-miniflow@@toggle-tab-height": true,
  "mado-miniflow@@toggle-tab-height-stacked": false,
  "mado-miniflow@@toggle-scrollbar-overlay": false,
  "yaozhuwa@css@@blank-line-tweak": false,
  "yaozhuwa@css@@outline-tweak": false,
  "yaozhuwa@css@@increase-headings-gap": false,
  "yaozhuwa@css@@increase-paragraph-gap": false,
  "anuppuccin-theme-settings@@anuppuccin-light-theme-accents": "ctp-accent-light-blue",
  "anuppuccin-theme-settings@@anp-rainbow-file-toggle": false,
  "anuppuccin-theme-settings@@anp-full-rainbow-text-color-toggle-light": false,
  "anuppuccin-theme-settings@@anp-status-bar-select": "anp-floating-status-bar",
  "anuppuccin-theme-settings@@anp-alt-tab-style": "anp-alternate-tab-toggle",
  "anuppuccin-theme-settings@@anp-alt-tab-custom-height": 40,
  "anuppuccin-theme-settings@@anp-disable-newtab-align": true,
  "anuppuccin-theme-settings@@anp-depth-tab-text-invert": false,
  "anuppuccin-theme-settings@@anp-depth-tab-opacity": 0.6,
  "anuppuccin-theme-settings@@anp-depth-tab-gap": 16,
  "anuppuccin-theme-settings@@anp-bg-fix": false,
  "anuppuccin-theme-settings@@anp-card-layout-padding": 8,
  "anuppuccin-theme-settings@@anp-card-header-left-padding": 0,
  "anuppuccin-theme-settings@@anp-custom-bg-blur-light": 5,
  "anuppuccin-theme-settings@@anp-custom-bg-brightness-light": 0.85,
  "anuppuccin-theme-settings@@anp-custom-bg-card-fg-opacity-light": 0.9,
  "anuppuccin-theme-settings@@anp-background-image-toggle": true
}